subject,SO_Source_Distance,Source,SO,pre_post,Outflow_peak
1,0,1,1,2,0.854512241781644
1,1,2,1,2,0.855328521914371
1,2,3,1,1,0.854425374376757
1,2,3,1,2,0.851108358858742
1,3,4,1,1,0.836219725701957
1,3,4,1,2,0.825519963991095
1,1,1,2,2,0.854949228754162
1,1,3,2,1,0.854298996710356
1,1,3,2,2,0.854190342006935
1,2,4,2,1,0.843616624951148
1,2,4,2,2,0.831150110899517
1,2,1,3,1,0.851101709744611
1,2,1,3,2,0.848997119135795
1,1,2,3,1,0.854552176306992
1,1,2,3,2,0.853475086869866
1,1,4,3,1,0.852363065488925
1,1,4,3,2,0.850549016548921
1,3,1,4,1,0.847304758793552
1,3,1,4,2,0.848943300816611
1,2,2,4,1,0.851205176778571
1,2,2,4,2,0.850827688812677
1,0,4,4,1,0.855584089626023
1,0,4,4,2,0.850370238884976
2,0,1,1,1,0.849326335085563
2,0,1,1,2,0.851836392814532
2,1,2,1,1,0.845651193818155
2,1,2,1,2,0.841802652129239
2,2,3,1,1,0.841528828943197
2,2,3,1,2,0.833661460324374
2,1,1,2,1,0.848563925639812
2,1,1,2,2,0.845154385923602
2,0,2,2,1,0.854883026496426
2,0,2,2,2,0.84890354848258
2,1,3,2,1,0.854887847222332
2,1,3,2,2,0.84850822079919
2,2,4,2,1,0.838194964724518
2,2,4,2,2,0.823110456204504
2,2,1,3,1,0.849788991782187
2,2,1,3,2,0.839027644121656
2,1,2,3,1,0.855470787116742
2,1,2,3,2,0.851440378520802
2,0,3,3,2,0.848441031484218
2,1,4,3,1,0.847621886016843
2,1,4,3,2,0.842676803598159
2,3,1,4,1,0.840307768836484
2,3,1,4,2,0.841567932707803
2,2,2,4,1,0.849250543912466
2,2,2,4,2,0.843649496252627
2,1,3,4,1,0.852505507293033
2,1,3,4,2,0.84914635146207
2,0,4,4,1,0.844839780425762
2,0,4,4,2,0.845120961517166
3,0,1,1,1,0.84528764124118
3,0,1,1,2,0.844097591565106
3,1,2,1,1,0.839198761642645
3,1,2,1,2,0.838888266561143
3,2,3,1,1,0.841952530780408
3,2,3,1,2,0.836824258532101
3,1,1,2,1,0.825145792435562
3,1,3,2,2,0.826006703116078
3,2,1,3,1,0.841714082820215
3,2,1,3,2,0.847363707066468
3,1,2,3,1,0.834470241187951
3,1,2,3,2,0.833726190824961
3,0,3,3,1,0.844655329737019
3,0,3,3,2,0.853710956571641
3,1,4,3,1,0.848314244337336
3,1,4,3,2,0.833097021098297
3,3,1,4,2,0.828767590291064
3,1,3,4,1,0.847845248988374
3,1,3,4,2,0.849115701040185
3,0,4,4,1,0.848278977189246
3,0,4,4,2,0.838632124199762
4,0,1,1,1,0.847838007293485
4,0,1,1,2,0.848817927245332
4,1,2,1,1,0.834960530166326
4,1,2,1,2,0.834377972618982
4,2,3,1,1,0.831090893886638
4,2,3,1,2,0.827904672757116
4,1,1,2,1,0.844308209388341
4,1,1,2,2,0.845504191122154
4,0,2,2,1,0.847138277189496
4,0,2,2,2,0.846315273746248
4,1,3,2,1,0.844640290073027
4,1,3,2,2,0.843822635507357
4,2,4,2,1,0.827798211665059
4,2,1,3,1,0.840911409204325
4,2,1,3,2,0.839341530304894
4,1,2,3,1,0.843870452204136
4,1,2,3,2,0.845153769425683
4,0,3,3,1,0.849581515906871
4,0,3,3,2,0.85021917132399
4,1,4,3,1,0.839602371671703
4,1,4,3,2,0.834150832151912
4,3,1,4,1,0.840779234379994
4,3,1,4,2,0.839983187983302
4,2,2,4,1,0.843650483556494
4,2,2,4,2,0.840648918881437
4,1,3,4,1,0.851231622882378
4,1,3,4,2,0.850022096975699
4,0,4,4,1,0.846229705347403
4,0,4,4,2,0.844708455240415
5,0,1,1,1,0.850883924444481
5,0,1,1,2,0.849460763462737
5,1,2,1,1,0.844559936228012
5,1,2,1,2,0.84280552192893
5,2,3,1,1,0.845131950409239
5,2,3,1,2,0.838749349027989
5,3,4,1,1,0.824836233632131
5,1,1,2,1,0.85087881839806
5,1,1,2,2,0.845055677879278
5,0,2,2,1,0.855228124852935
5,0,2,2,2,0.851572696912465
5,1,3,2,1,0.856021817511967
5,1,3,2,2,0.850571949872553
5,2,4,2,1,0.84069192465417
5,2,4,2,2,0.8271844022261
5,2,1,3,1,0.847489782624245
5,2,1,3,2,0.838854241497316
5,1,2,3,1,0.853638273875309
5,1,2,3,2,0.846938692853676
5,0,3,3,1,0.855905722605148
5,0,3,3,2,0.853473751132822
5,1,4,3,1,0.847669273113518
5,1,4,3,2,0.840791059252061
5,3,1,4,1,0.845825353130249
5,3,1,4,2,0.83508050528127
5,2,2,4,1,0.849769033795089
5,2,2,4,2,0.844750036249353
5,1,3,4,2,0.855121899211019
5,0,4,4,1,0.853584917705104
5,0,4,4,2,0.848199232705828
6,0,1,1,1,0.849687813003556
6,0,1,1,2,0.849470659137436
6,1,2,1,1,0.843603484658396
6,1,2,1,2,0.838958906144837
6,2,3,1,1,0.839030349206773
6,2,3,1,2,0.834249409261261
6,3,4,1,1,0.830509711168845
6,1,1,2,1,0.846832484921522
6,1,1,2,2,0.843556859820577
6,0,2,2,1,0.847920159856722
6,0,2,2,2,0.847190165114582
6,1,3,2,1,0.847348549350268
6,1,3,2,2,0.848163577472321
6,2,4,2,1,0.842819278000308
6,2,4,2,2,0.835985096464646
6,2,1,3,1,0.845437293253314
6,2,1,3,2,0.830004235322989
6,1,2,3,1,0.848058788193039
6,1,2,3,2,0.842627031430137
6,0,3,3,1,0.853926667621284
6,0,3,3,2,0.852156841730803
6,1,4,3,1,0.852946189378799
6,1,4,3,2,0.850067703317227
6,3,1,4,1,0.839998177296414
6,3,1,4,2,0.83550147483311
6,2,2,4,1,0.845412724764108
6,2,2,4,2,0.842985139411042
6,1,3,4,1,0.854172691500614
6,1,3,4,2,0.853768434550011
6,0,4,4,1,0.851426879168058
6,0,4,4,2,0.851859538858224
7,0,1,1,1,0.851167818308759
7,0,1,1,2,0.849641087057971
7,1,2,1,1,0.848180793048237
7,1,2,1,2,0.845559065756805
7,2,3,1,1,0.844825501652779
7,2,3,1,2,0.8409337640656
7,3,4,1,1,0.830147760929113
7,1,1,2,1,0.849494079419251
7,1,1,2,2,0.846974049893059
7,0,2,2,1,0.851734786889259
7,0,2,2,2,0.849586268183929
7,1,3,2,1,0.850316202107113
7,1,3,2,2,0.846514933313376
7,2,4,2,1,0.838100499879204
7,2,4,2,2,0.826744841612094
7,2,1,3,1,0.850437878713431
7,2,1,3,2,0.846105315557794
7,1,2,3,1,0.853704435854577
7,1,2,3,2,0.849945707771716
7,0,3,3,1,0.85573219214988
7,0,3,3,2,0.853393111648848
7,1,4,3,1,0.846539629023748
7,1,4,3,2,0.841793863325767
7,3,1,4,1,0.848469485792914
7,3,1,4,2,0.844618199111156
7,2,2,4,1,0.851199519928538
7,2,2,4,2,0.847049698710022
7,1,3,4,1,0.856134535175433
7,1,3,4,2,0.853498613699942
7,0,4,4,1,0.85403683571389
7,0,4,4,2,0.85085125776205
8,0,1,1,1,0.844793918763417
8,0,1,1,2,0.842557982993981
8,1,2,1,1,0.833985547517562
8,1,2,1,2,0.83094475641039
8,2,3,1,1,0.837871156165104
8,2,3,1,2,0.82984636402658
8,3,4,1,1,0.82470932562097
8,1,1,2,1,0.843648588664107
8,1,1,2,2,0.837013849519898
8,0,2,2,1,0.844550741368271
8,0,2,2,2,0.84297350135078
8,1,3,2,1,0.844345775931413
8,1,3,2,2,0.840170344657866
8,2,4,2,1,0.832019465273755
8,2,1,3,1,0.838903819669479
8,2,1,3,2,0.828778183106982
8,1,2,3,1,0.843166077526979
8,1,2,3,2,0.836231096783714
8,0,3,3,1,0.850253378841304
8,0,3,3,2,0.846556001322293
8,1,4,3,1,0.844088674159485
8,1,4,3,2,0.832687574107113
8,3,1,4,1,0.839047148788983
8,3,1,4,2,0.828932597804581
8,2,2,4,1,0.843651678873856
8,2,2,4,2,0.834883136536214
8,1,3,4,1,0.850422968788556
8,1,3,4,2,0.847073679055382
8,0,4,4,1,0.844541613686059
8,0,4,4,2,0.834970483407479
9,0,1,1,1,0.848325050076245
9,0,1,1,2,0.850208198729387
9,1,2,1,1,0.846075390906318
9,1,2,1,2,0.84142482968079
9,2,3,1,1,0.843928710398929
9,2,3,1,2,0.837371051694087
9,3,4,1,1,0.831324250634473
9,1,1,2,1,0.849064081031942
9,1,1,2,2,0.845557394468709
9,0,2,2,1,0.853997171469062
9,0,2,2,2,0.85061718851446
9,1,3,2,1,0.853109776331565
9,1,3,2,2,0.849684701312464
9,2,4,2,1,0.841278766173955
9,2,4,2,2,0.834086067688445
9,2,1,3,1,0.843835124157602
9,2,1,3,2,0.836525131544502
9,1,2,3,1,0.851649585402256
9,1,2,3,2,0.847039911472285
9,0,3,3,2,0.854657945584858
9,1,4,3,1,0.852123437936077
9,1,4,3,2,0.847821501264888
9,3,1,4,1,0.838685776030468
9,3,1,4,2,0.833260276297524
9,2,2,4,1,0.844302684235995
9,2,2,4,2,0.840023123599044
9,1,3,4,1,0.855713166694981
9,1,3,4,2,0.853234228550423
9,0,4,4,1,0.85409470447912
9,0,4,4,2,0.850370913416511
10,0,1,1,1,0.847964789312849
10,0,1,1,2,0.850249726197444
10,1,2,1,1,0.845380306432934
10,1,2,1,2,0.842017663954206
10,2,3,1,1,0.83655126611796
10,2,3,1,2,0.832320757978855
10,1,1,2,1,0.84659743810815
10,1,1,2,2,0.845767816982215
10,0,2,2,1,0.848416800758642
10,0,2,2,2,0.84703271583531
10,1,3,2,1,0.84521442387503
10,1,3,2,2,0.843017188567903
10,2,4,2,1,0.82850153006066
10,2,1,3,1,0.847007472640621
10,2,1,3,2,0.838442249790725
10,1,2,3,1,0.850429627241396
10,1,2,3,2,0.846306087796925
10,0,3,3,1,0.85327575844142
10,0,3,3,2,0.850443863462633
10,1,4,3,1,0.843989238550335
10,1,4,3,2,0.836750075969193
10,3,1,4,1,0.846745145091834
10,3,1,4,2,0.834400961136087
10,2,2,4,1,0.849532288343788
10,2,2,4,2,0.835120206345185
10,1,3,4,1,0.85272013683232
10,1,3,4,2,0.850611126934215
10,0,4,4,1,0.849677933825019
10,0,4,4,2,0.84422293589884
11,0,1,1,1,0.853747133648307
11,0,1,1,2,0.853021245093096
11,1,2,1,1,0.851892407589329
11,1,2,1,2,0.850612994592486
11,2,3,1,1,0.849330453996197
11,2,3,1,2,0.845955244592612
11,3,4,1,1,0.835199126261801
11,3,4,1,2,0.824376718943627
11,1,1,2,2,0.85161343570688
11,0,2,2,2,0.854728700416171
11,1,3,2,2,0.854093673633191
11,2,4,2,1,0.847624790485325
11,2,4,2,2,0.840955717147259
11,2,1,3,1,0.854284767503285
11,2,1,3,2,0.84936313137127
11,1,2,3,2,0.854594065491357
11,1,4,3,1,0.855635294158147
11,1,4,3,2,0.849565151526851
11,3,1,4,1,0.85369445426459
11,3,1,4,2,0.850255945125237
11,2,2,4,2,0.85386368045339
11,0,4,4,2,0.853187882177156
12,0,1,1,1,0.847565851206796
12,0,1,1,2,0.847454610110962
12,1,2,1,1,0.839608204424521
12,1,2,1,2,0.837725882357585
12,2,3,1,1,0.836157885386715
12,2,3,1,2,0.829541119371384
12,1,1,2,1,0.845068670095401
12,1,1,2,2,0.839470858026467
12,0,2,2,1,0.848328571969183
12,0,2,2,2,0.841567271157486
12,1,3,2,1,0.848082824354268
12,1,3,2,2,0.84101578313838
12,2,4,2,1,0.829118592558489
12,2,1,3,1,0.839490777065401
12,2,1,3,2,0.831314062023611
12,1,2,3,1,0.846117537280133
12,1,2,3,2,0.83911282972633
12,0,3,3,1,0.851532058387627
12,0,3,3,2,0.845807336011249
12,1,4,3,1,0.841390864079493
12,1,4,3,2,0.831396096469118
12,3,1,4,1,0.833352618076116
12,3,1,4,2,0.826347016105491
12,2,2,4,1,0.839912892225474
12,2,2,4,2,0.837888077657574
12,1,3,4,1,0.850535679521013
12,1,3,4,2,0.846358147275307
12,0,4,4,1,0.84563472061716
12,0,4,4,2,0.841759382583972
13,0,1,1,1,0.849709902684153
13,0,1,1,2,0.845675547969842
13,1,2,1,1,0.84585363407612
13,1,2,1,2,0.840627288876054
13,2,3,1,1,0.843482404483597
13,2,3,1,2,0.834905692857166
13,1,1,2,1,0.844748945336567
13,1,1,2,2,0.838666159854095
13,0,2,2,1,0.848967441447974
13,0,2,2,2,0.844240628180121
13,1,3,2,1,0.84868798364939
13,1,3,2,2,0.841691874518024
13,2,4,2,1,0.826439094138931
13,2,1,3,1,0.837796731339311
13,2,1,3,2,0.825089401017066
13,1,2,3,1,0.848577195600391
13,1,2,3,2,0.839882946434
13,0,3,3,1,0.853582528367945
13,0,3,3,2,0.849105048790808
13,1,4,3,1,0.843345057016322
13,1,4,3,2,0.833139608780828
13,3,1,4,1,0.838031871202071
13,3,1,4,2,0.826445161389111
13,2,2,4,1,0.84903141776834
13,2,2,4,2,0.840833590550754
13,1,3,4,1,0.855783999541066
13,1,3,4,2,0.850534300839997
13,0,4,4,1,0.850654129054332
13,0,4,4,2,0.842115249873085
14,0,1,1,1,0.845674946169608
14,0,1,1,2,0.8406084508119
14,1,2,1,1,0.839618097461344
14,1,2,1,2,0.833414950429622
14,2,3,1,1,0.827124994595939
14,1,1,2,1,0.841698765024374
14,1,1,2,2,0.835931419745011
14,0,2,2,1,0.844858465879788
14,0,2,2,2,0.839523620641196
14,1,3,2,1,0.839469497378046
14,1,3,2,2,0.832063267285515
14,2,1,3,1,0.827191605066865
14,1,2,3,1,0.841297330094891
14,1,2,3,2,0.833408796421131
14,0,3,3,1,0.846279697623455
14,0,3,3,2,0.843889151519466
14,1,4,3,1,0.827552285838448
14,2,2,4,1,0.831804451088107
14,2,2,4,2,0.827848412418058
14,1,3,4,1,0.847088630282715
14,1,3,4,2,0.84261772191387
14,0,4,4,1,0.836985674228685
14,0,4,4,2,0.830632456348418
15,0,1,1,1,0.845843320986057
15,0,1,1,2,0.844673446409148
15,1,2,1,1,0.8304118902023
15,1,2,1,2,0.824523731096685
15,1,1,2,1,0.843288437669733
15,1,1,2,2,0.841950643065843
15,0,2,2,1,0.840739918625638
15,0,2,2,2,0.834856432200141
15,1,3,2,1,0.834147063241185
15,1,3,2,2,0.826030719346016
15,2,1,3,1,0.831880890071731
15,2,1,3,2,0.831130465834168
15,1,2,3,1,0.832255252402231
15,1,2,3,2,0.830533387444615
15,0,3,3,1,0.842457499332724
15,0,3,3,2,0.838107477667628
15,1,4,3,1,0.829638843416633
15,3,1,4,1,0.829830063383571
15,3,1,4,2,0.829627919896522
15,2,2,4,1,0.827044899379518
15,2,2,4,2,0.825178360431703
15,1,3,4,1,0.841939190434276
15,1,3,4,2,0.837170294645969
15,0,4,4,1,0.838965502172805
15,0,4,4,2,0.831997067995386
16,0,1,1,1,0.846050333868926
16,0,1,1,2,0.842364095648551
16,1,2,1,1,0.834009503991764
16,1,2,1,2,0.830076251355739
16,2,3,1,1,0.827895908648631
16,1,1,2,1,0.84080833165504
16,1,1,2,2,0.837180089967815
16,0,2,2,1,0.846111328525211
16,0,2,2,2,0.839357928589463
16,1,3,2,1,0.842267827844104
16,1,3,2,2,0.836665613017715
16,2,1,3,1,0.831564531577518
16,2,1,3,2,0.826712249784825
16,1,2,3,1,0.844461179939826
16,1,2,3,2,0.835934534868759
16,0,3,3,1,0.847590947878401
16,0,3,3,2,0.844983653492488
16,1,4,3,1,0.8306032863331
16,3,1,4,1,0.827666351051391
16,2,2,4,1,0.840389013388688
16,2,2,4,2,0.828995091946487
16,1,3,4,1,0.848820852063894
16,1,3,4,2,0.842805961550907
16,0,4,4,1,0.840383540192278
16,0,4,4,2,0.826561513677661
17,0,1,1,1,0.84703558937965
17,0,1,1,2,0.846125960181338
17,1,2,1,1,0.826438031134931
17,1,1,2,1,0.845139115737915
17,1,1,2,2,0.839173240496884
17,0,2,2,1,0.840627946015373
17,0,2,2,2,0.83279397954758
17,1,3,2,1,0.840284535438072
17,1,3,2,2,0.832265674493169
17,2,4,2,1,0.831434899542506
17,2,4,2,2,0.824983879476228
17,2,1,3,1,0.826759826595972
17,2,1,3,2,0.824293674462076
17,1,2,3,1,0.843151916857027
17,1,2,3,2,0.838584591282585
17,0,3,3,1,0.845206820007382
17,0,3,3,2,0.847993269506949
17,1,4,3,1,0.840395218210236
17,1,4,3,2,0.841911707811736
17,3,1,4,2,0.825130831853317
17,2,2,4,1,0.84607308949842
17,2,2,4,2,0.840184687290226
17,1,3,4,1,0.848474521427326
17,1,3,4,2,0.842573546029316
17,0,4,4,1,0.844419253952462
17,0,4,4,2,0.844637254899826
18,0,1,1,1,0.847456220138867
18,0,1,1,2,0.844165400171382
18,1,1,2,1,0.826444635383693
18,1,1,2,2,0.827075447061561
18,0,2,2,1,0.833230431028097
18,0,2,2,2,0.823504477842367
18,1,3,2,1,0.845403181579352
18,1,3,2,2,0.836490428061502
18,2,4,2,1,0.833024731133893
18,1,2,3,1,0.835615500520603
18,1,2,3,2,0.827584742637596
18,0,3,3,1,0.849940450817271
18,0,3,3,2,0.84247376621722
18,1,4,3,1,0.840329410391786
18,1,4,3,2,0.832558921965497
18,2,2,4,1,0.837813168818194
18,2,2,4,2,0.825097999919614
18,1,3,4,1,0.848194086444801
18,1,3,4,2,0.842902347668768
18,0,4,4,1,0.844067910036292
18,0,4,4,2,0.837884341622505
19,0,1,1,1,0.844520537101147
19,0,1,1,2,0.846940950371695
19,1,2,1,1,0.840592795706908
19,1,2,1,2,0.838982348913066
19,2,3,1,1,0.836710719295446
19,2,3,1,2,0.833222159755094
19,1,1,2,1,0.839567081501425
19,1,1,2,2,0.838543021496869
19,0,2,2,1,0.846537336420991
19,0,2,2,2,0.843107747875227
19,1,3,2,1,0.846259141915313
19,1,3,2,2,0.842689653889722
19,2,1,3,1,0.830123234310839
19,2,1,3,2,0.82819116026735
19,1,2,3,1,0.844884699929572
19,1,2,3,2,0.839955403145936
19,0,3,3,1,0.851854315786741
19,0,3,3,2,0.846729810840271
19,1,4,3,1,0.835981925390317
19,1,4,3,2,0.82728270320381
19,3,1,4,1,0.828541051816376
19,2,2,4,1,0.843054818759471
19,2,2,4,2,0.836548997036038
19,1,3,4,1,0.851978400855802
19,1,3,4,2,0.847070164017806
19,0,4,4,1,0.845565241650031
19,0,4,4,2,0.838691041712234
20,0,1,1,1,0.845592564043347
20,0,1,1,2,0.844839979592475
20,1,2,1,1,0.831634737839885
20,1,2,1,2,0.82718939375083
20,1,1,2,1,0.844752293193158
20,1,1,2,2,0.840350336077482
20,0,2,2,1,0.841890442161122
20,0,2,2,2,0.834509432295818
20,1,3,2,1,0.836034551949199
20,1,3,2,2,0.82492887089583
20,2,1,3,1,0.833316497673957
20,1,2,3,1,0.832719605440103
20,1,2,3,2,0.831075578797786
20,0,3,3,1,0.84100507599785
20,0,3,3,2,0.832255887754543
20,1,3,4,1,0.843467043090543
20,1,3,4,2,0.828996977468582
20,0,4,4,1,0.833665754811842
21,0,1,1,1,0.849078038872423
21,0,1,1,2,0.848855499278525
21,1,2,1,1,0.840404735982201
21,1,2,1,2,0.834027176661835
21,1,1,2,1,0.845564435431286
21,1,1,2,2,0.843774539216891
21,0,2,2,1,0.845873977521143
21,0,2,2,2,0.841764406882147
21,1,3,2,1,0.835105624303659
21,1,3,2,2,0.829703290660183
21,2,1,3,1,0.834122052179541
21,2,1,3,2,0.827361482326225
21,1,2,3,1,0.837635638057986
21,1,2,3,2,0.83268508439636
21,0,3,3,1,0.846931524384706
21,0,3,3,2,0.842292755742711
21,1,4,3,1,0.832604722054202
21,3,1,4,1,0.827657938075633
21,2,2,4,1,0.827857052747558
21,1,3,4,1,0.845682797784736
21,1,3,4,2,0.83942435242131
21,0,4,4,1,0.838446642349967
21,0,4,4,2,0.829414416411249
22,0,1,1,1,0.839041070104167
22,0,1,1,2,0.838388619950106
22,1,2,1,1,0.836993228703902
22,1,2,1,2,0.832166756019382
22,1,1,2,1,0.833585496509759
22,1,1,2,2,0.825510352797341
22,0,2,2,1,0.849036502330039
22,0,2,2,2,0.844917945012225
22,1,3,2,1,0.844381338216748
22,1,3,2,2,0.838370445185126
22,1,2,3,1,0.845098661597845
22,1,2,3,2,0.839323806091978
22,0,3,3,1,0.849432821439646
22,0,3,3,2,0.845510870188352
22,1,4,3,1,0.831613675909855
22,2,2,4,1,0.838605211484118
22,2,2,4,2,0.831868581070457
22,1,3,4,1,0.84845549258261
22,1,3,4,2,0.847056797866556
22,0,4,4,1,0.846997543393629
22,0,4,4,2,0.840102889414517
23,0,1,1,1,0.847901517666522
23,0,1,1,2,0.845791615757185
23,1,2,1,1,0.8270765470238
23,2,3,1,1,0.829465350815555
23,1,1,2,1,0.842633598526145
23,1,1,2,2,0.839659186756782
23,0,2,2,1,0.831943975366903
23,0,2,2,2,0.825499220455552
23,1,3,2,1,0.841612338265157
23,1,3,2,2,0.836048926308521
23,2,1,3,1,0.838598145003977
23,2,1,3,2,0.830218705713716
23,1,2,3,1,0.838979645233062
23,1,2,3,2,0.828598535193586
23,0,3,3,1,0.847079477623504
23,0,3,3,2,0.842934076773078
23,1,4,3,1,0.834978189853897
23,1,4,3,2,0.825674516522744
23,3,1,4,1,0.8313562182355
23,3,1,4,2,0.830592862952908
23,2,2,4,1,0.843848792975772
23,2,2,4,2,0.833070105602047
23,1,3,4,1,0.849119992699807
23,1,3,4,2,0.843310937935148
23,0,4,4,1,0.847737107081435
23,0,4,4,2,0.837384420904633
24,0,1,1,1,0.848167833618053
24,0,1,1,2,0.850484082673889
24,1,2,1,1,0.848195639971653
24,1,2,1,2,0.84277609999957
24,2,3,1,1,0.839845591315886
24,2,3,1,2,0.835965115773708
24,1,1,2,1,0.845025938289573
24,1,1,2,2,0.838742966812436
24,0,2,2,1,0.852559558343596
24,0,2,2,2,0.847396967105609
24,1,3,2,1,0.849741734030041
24,1,3,2,2,0.845916761241209
24,2,1,3,1,0.840885084925228
24,2,1,3,2,0.835867993148947
24,1,2,3,1,0.853127987992733
24,1,2,3,2,0.846714773080848
24,0,3,3,1,0.853757685564847
24,0,3,3,2,0.852206050408853
24,1,4,3,1,0.833895178326314
24,1,4,3,2,0.827153042640862
24,3,1,4,1,0.845473756235201
24,3,1,4,2,0.838422913603646
24,2,2,4,1,0.854392669791426
24,2,2,4,2,0.848583327246961
24,1,3,4,1,0.855413635274239
24,1,3,4,2,0.854378316538767
24,0,4,4,1,0.845041060854927
24,0,4,4,2,0.836198045954952
25,0,1,1,1,0.851628298294489
25,0,1,1,2,0.852478223811408
25,1,2,1,1,0.836758814370331
25,1,2,1,2,0.834520443778194
25,1,1,2,1,0.84976113656776
25,1,1,2,2,0.845929544924069
25,0,2,2,1,0.84456447031416
25,0,2,2,2,0.840305037997437
25,1,3,2,1,0.831211113554959
25,1,3,2,2,0.83107726316764
25,2,1,3,1,0.838729865406497
25,2,1,3,2,0.837726053682055
25,1,2,3,1,0.843698718597997
25,1,2,3,2,0.839237424224747
25,0,3,3,1,0.849393799112488
25,0,3,3,2,0.844377023982282
25,3,1,4,1,0.830817693992581
25,2,2,4,1,0.836187218315506
25,2,2,4,2,0.832544634764945
25,1,3,4,1,0.845449572738482
25,1,3,4,2,0.845853184907275
25,0,4,4,1,0.827448014553171
26,0,1,1,1,0.841173944537593
26,0,1,1,2,0.840672931959234
26,1,2,1,1,0.836337676610368
26,1,2,1,2,0.836600757212038
26,2,3,1,1,0.830518791457717
26,2,3,1,2,0.829057470853973
26,1,1,2,1,0.827766197414393
26,1,1,2,2,0.826054910231496
26,0,2,2,1,0.842318618108867
26,0,2,2,2,0.841672757376087
26,1,3,2,1,0.838218670296053
26,1,3,2,2,0.837365246703833
26,1,2,3,1,0.83925085530927
26,1,2,3,2,0.839179955503915
26,0,3,3,1,0.847294444340741
26,0,3,3,2,0.845164749026682
26,1,4,3,1,0.828006666886107
26,1,4,3,2,0.823811644113732
26,2,2,4,1,0.833296762172321
26,2,2,4,2,0.8348307869233
26,1,3,4,1,0.847429686144946
26,1,3,4,2,0.845715711542295
26,0,4,4,1,0.840972748627121
26,0,4,4,2,0.83506044609464
27,0,1,1,1,0.848177061194806
27,0,1,1,2,0.849794187653641
27,1,2,1,1,0.845774137426959
27,1,2,1,2,0.844091704330703
27,2,3,1,1,0.839109539483362
27,2,3,1,2,0.83591639975656
27,1,1,2,1,0.846981309971706
27,1,1,2,2,0.845737026865062
27,0,2,2,1,0.850066493420224
27,0,2,2,2,0.850414282761258
27,1,3,2,1,0.847782290672728
27,1,3,2,2,0.847403463056503
27,2,1,3,1,0.841992524262435
27,2,1,3,2,0.842834029510146
27,1,2,3,1,0.852303885355187
27,1,2,3,2,0.852239110812226
27,0,3,3,1,0.853086500896797
27,0,3,3,2,0.85445942127727
27,1,4,3,1,0.841201743205394
27,1,4,3,2,0.836857513960563
27,3,1,4,1,0.844371867093393
27,3,1,4,2,0.840649467098252
27,2,2,4,1,0.850725356634093
27,2,2,4,2,0.853442503462201
27,1,3,4,1,0.853568699183979
27,1,3,4,2,0.855209819879359
27,0,4,4,1,0.843885432029818
27,0,4,4,2,0.842899468840507
28,0,1,1,1,0.846713634889753
28,0,1,1,2,0.844077724215156
28,1,1,2,1,0.832830663165404
28,1,1,2,2,0.829775735510152
28,0,2,2,1,0.828816543121436
28,1,3,2,1,0.837751505576415
28,1,3,2,2,0.830512330009098
28,2,4,2,1,0.823353131194954
28,1,2,3,1,0.828668631316649
28,0,3,3,1,0.844262337541655
28,0,3,3,2,0.839133395344194
28,1,4,3,1,0.835840457778117
28,1,4,3,2,0.828455796836511
28,2,2,4,1,0.823003566281951
28,1,3,4,1,0.840821493112281
28,1,3,4,2,0.837483845780328
28,0,4,4,1,0.837446019036231
28,0,4,4,2,0.833636645732986
29,0,1,1,1,0.849936323974618
29,0,1,1,2,0.846450049429555
29,1,2,1,1,0.82517346890001
29,2,3,1,1,0.831215863191475
29,2,3,1,2,0.827391657634553
29,1,1,2,1,0.842313387174561
29,1,1,2,2,0.83857648272754
29,0,2,2,1,0.830825210694771
29,0,2,2,2,0.825998216432409
29,1,3,2,1,0.841083405295694
29,1,3,2,2,0.839226662013671
29,2,4,2,1,0.829738034606513
29,2,1,3,1,0.832390598538161
29,2,1,3,2,0.823766453701101
29,1,2,3,1,0.837133642416486
29,1,2,3,2,0.827631994456199
29,0,3,3,1,0.850203275708836
29,0,3,3,2,0.847302086982398
29,1,4,3,1,0.841944325260051
29,1,4,3,2,0.833845431172648
29,3,1,4,1,0.827848280282504
29,2,2,4,1,0.838920808510958
29,2,2,4,2,0.827805244452818
29,1,3,4,1,0.852056164528699
29,1,3,4,2,0.847931113088477
29,0,4,4,1,0.847261303080661
29,0,4,4,2,0.842327745154534
30,0,1,1,1,0.851433220571553
30,0,1,1,2,0.845903827994699
30,1,2,1,1,0.843032573830509
30,1,2,1,2,0.834668800918373
30,2,3,1,1,0.829957527699035
30,1,1,2,1,0.845677526443375
30,1,1,2,2,0.836975535920162
30,0,2,2,1,0.849236954368713
30,0,2,2,2,0.841008882745154
30,1,3,2,1,0.847064803816529
30,1,3,2,2,0.835556706302651
30,2,1,3,1,0.841250662226856
30,2,1,3,2,0.832130693252291
30,1,2,3,1,0.849363744094958
30,1,2,3,2,0.84079901166345
30,0,3,3,1,0.854814674490805
30,0,3,3,2,0.844496363754034
30,1,4,3,1,0.842489890409675
30,1,4,3,2,0.823213629881516
30,3,1,4,1,0.84008176606719
30,3,1,4,2,0.830639629441551
30,2,2,4,1,0.849922550620167
30,2,2,4,2,0.838687374376139
30,1,3,4,1,0.854081487799232
30,1,3,4,2,0.842840342646582
30,0,4,4,1,0.8483005064378
30,0,4,4,2,0.826714487989072
31,0,1,1,1,0.850707419789125
31,0,1,1,2,0.85121598754666
31,1,2,1,1,0.845363235040703
31,1,2,1,2,0.844279856639895
31,2,3,1,1,0.833960646493254
31,2,3,1,2,0.829433988415684
31,1,1,2,1,0.851524533403413
31,1,1,2,2,0.849587336461419
31,0,2,2,1,0.851587909089981
31,0,2,2,2,0.849440265139744
31,1,3,2,1,0.845891706953146
31,1,3,2,2,0.842776368733693
31,2,1,3,1,0.848215823946792
31,2,1,3,2,0.84585443073598
31,1,2,3,1,0.850525607340914
31,1,2,3,2,0.850061324067943
31,0,3,3,1,0.852114339851055
31,0,3,3,2,0.848657415588049
31,1,4,3,1,0.834886966067205
31,1,4,3,2,0.824476815025376
31,3,1,4,1,0.847224250096869
31,3,1,4,2,0.843705891247367
31,2,2,4,1,0.849402360019504
31,2,2,4,2,0.848753996734324
31,1,3,4,1,0.854164121797832
31,1,3,4,2,0.850966764299498
31,0,4,4,1,0.845073662454677
31,0,4,4,2,0.837631221088648
32,0,1,1,1,0.85091095330851
32,0,1,1,2,0.850724196924991
32,1,2,1,1,0.848456596945282
32,1,2,1,2,0.84567681346897
32,2,3,1,1,0.837357930732593
32,2,3,1,2,0.82945439910381
32,1,1,2,1,0.850014994738519
32,1,1,2,2,0.845351371485098
32,0,2,2,1,0.852479292075297
32,0,2,2,2,0.850393352597956
32,1,3,2,1,0.851818368855916
32,1,3,2,2,0.845848178446124
32,2,4,2,1,0.82760212219199
32,2,1,3,1,0.84207411781648
32,2,1,3,2,0.835688147151789
32,1,2,3,1,0.852084259759317
32,1,2,3,2,0.847339146283382
32,0,3,3,1,0.854837987405558
32,0,3,3,2,0.85150582152066
32,1,4,3,1,0.845098085333171
32,1,4,3,2,0.833228269929042
32,3,1,4,1,0.837072626507644
32,3,1,4,2,0.833960540390617
32,2,2,4,1,0.851177987789219
32,2,2,4,2,0.841382241592613
32,1,3,4,2,0.854249135546205
32,0,4,4,1,0.852708447188808
32,0,4,4,2,0.849900985512878
33,0,1,1,1,0.849319097949506
33,0,1,1,2,0.847352107980224
33,1,2,1,1,0.831571268841663
33,1,2,1,2,0.827467350997824
33,2,3,1,1,0.829327761870078
33,2,3,1,2,0.823782511131732
33,1,1,2,1,0.845186593143927
33,1,1,2,2,0.838474001122285
33,0,2,2,1,0.844341141494449
33,0,2,2,2,0.83835478811789
33,1,3,2,1,0.846772142979701
33,1,3,2,2,0.839646491703304
33,2,4,2,1,0.838064899349199
33,2,4,2,2,0.82668494249931
33,2,1,3,1,0.830027797737935
33,2,1,3,2,0.825370173732115
33,1,2,3,1,0.843411762540823
33,1,2,3,2,0.839334445523771
33,0,3,3,1,0.851004315083491
33,0,3,3,2,0.846774617654844
33,1,4,3,1,0.84356983524163
33,1,4,3,2,0.837125322401723
33,3,1,4,1,0.826534587135904
33,3,1,4,2,0.825472165549835
33,2,2,4,1,0.841756647812497
33,2,2,4,2,0.835216683457249
33,1,3,4,1,0.851977608262082
33,1,3,4,2,0.846145714995596
33,0,4,4,1,0.847052435259553
33,0,4,4,2,0.841101826172339
34,0,1,1,1,0.843928057768213
34,0,1,1,2,0.843457655844309
34,1,2,1,1,0.832214740151284
34,1,2,1,2,0.828589465695469
34,2,3,1,1,0.82592402231812
34,1,1,2,1,0.838515550270815
34,1,1,2,2,0.834734578700396
34,0,2,2,1,0.84266075864169
34,0,2,2,2,0.838689883816326
34,1,3,2,1,0.841006726090713
34,1,3,2,2,0.835116255160261
34,2,1,3,1,0.827284305259264
34,1,2,3,1,0.837734220991366
34,1,2,3,2,0.831938363687981
34,0,3,3,1,0.850150044581304
34,0,3,3,2,0.845495486535413
34,1,4,3,1,0.837114521987913
34,1,4,3,2,0.828250224171063
34,3,1,4,1,0.826433329139911
34,2,2,4,1,0.835280359419418
34,2,2,4,2,0.830551825583217
34,1,3,4,1,0.850279569235596
34,1,3,4,2,0.846820711043818
34,0,4,4,1,0.843174887086994
34,0,4,4,2,0.835716821401681
35,0,1,1,1,0.84774427057841
35,0,1,1,2,0.845072672107616
35,1,2,1,1,0.845616649613275
35,1,2,1,2,0.840876458734664
35,2,3,1,1,0.827652855618778
35,2,3,1,2,0.825315715422263
35,1,1,2,1,0.846317875319031
35,1,1,2,2,0.838042018903396
35,0,2,2,1,0.850865204304852
35,0,2,2,2,0.848028356221461
35,1,3,2,1,0.850707273174969
35,1,3,2,2,0.845151909749395
35,2,4,2,1,0.830445279059793
35,2,1,3,1,0.836921249153824
35,1,2,3,1,0.850226202057895
35,1,2,3,2,0.840577137167246
35,0,3,3,1,0.85575061951574
35,0,3,3,2,0.851620702739285
35,1,4,3,1,0.849084792869091
35,1,4,3,2,0.847500092221033
35,3,1,4,1,0.831828441945678
35,2,2,4,1,0.848895443389737
35,2,2,4,2,0.829202009162683
35,1,3,4,1,0.850765792964691
35,1,3,4,2,0.851661942341616
35,0,4,4,1,0.850110438492031
35,0,4,4,2,0.853039139618381
36,0,1,1,1,0.848746744685848
36,0,1,1,2,0.848199638936033
36,1,2,1,1,0.836159058451526
36,1,2,1,2,0.831995017398272
36,2,3,1,1,0.830331720039566
36,2,3,1,2,0.825557181845885
36,1,1,2,1,0.842497717330284
36,1,1,2,2,0.838653633864887
36,0,2,2,1,0.846403567091237
36,0,2,2,2,0.839911735683064
36,1,3,2,1,0.84555161150804
36,1,3,2,2,0.839105258668929
36,2,1,3,1,0.833821345650062
36,2,1,3,2,0.82924248432303
36,1,2,3,1,0.842871070793704
36,1,2,3,2,0.836541060771813
36,0,3,3,1,0.852121189221243
36,0,3,3,2,0.846471810218424
36,1,4,3,1,0.840006763966366
36,1,4,3,2,0.823809824943432
36,3,1,4,1,0.831086910562313
36,3,1,4,2,0.826510156520531
36,2,2,4,1,0.838258925992548
36,2,2,4,2,0.832610170869358
36,1,3,4,1,0.850290902731187
36,1,3,4,2,0.84589928023687
36,0,4,4,1,0.845786737085807
36,0,4,4,2,0.83611314480584
37,0,1,1,1,0.848564055164734
37,0,1,1,2,0.847333674688136
37,1,2,1,1,0.841637909451032
37,1,2,1,2,0.837545355751558
37,2,3,1,1,0.828245369574533
37,1,1,2,1,0.846565474764305
37,1,1,2,2,0.84272485803257
37,0,2,2,1,0.847843943338849
37,0,2,2,2,0.843655276844332
37,1,3,2,1,0.830684902797433
37,1,3,2,2,0.823747227790416
37,2,1,3,1,0.832781751981432
37,2,1,3,2,0.836001237183732
37,1,2,3,1,0.846226834093708
37,1,2,3,2,0.842007493166183
37,0,3,3,1,0.82898779517105
37,0,3,3,2,0.825058948947322
37,1,4,3,1,0.840730020855521
37,1,4,3,2,0.825976671595237
37,3,1,4,1,0.831337547449132
37,3,1,4,2,0.835199029651867
37,2,2,4,1,0.84376044304384
37,2,2,4,2,0.840444332765439
37,1,3,4,1,0.828623630286722
37,1,3,4,2,0.823747664555902
37,0,4,4,1,0.843171463130979
37,0,4,4,2,0.831340398234699
38,0,1,1,1,0.849340965042815
38,0,1,1,2,0.848865860463667
38,1,2,1,1,0.840843992275073
38,1,2,1,2,0.838962159818189
38,1,1,2,1,0.839029673448731
38,1,1,2,2,0.838604543907995
38,0,2,2,1,0.846942687525884
38,0,2,2,2,0.843005846700869
38,1,3,2,1,0.840223312523614
38,1,3,2,2,0.835039446933322
38,2,1,3,1,0.824010423565718
38,1,2,3,1,0.842198074971666
38,1,2,3,2,0.836818083722496
38,0,3,3,1,0.847346057716961
38,0,3,3,2,0.845462358557789
38,1,4,3,1,0.823334210545533
38,3,1,4,1,0.823256213105176
38,3,1,4,2,0.834382808201163
38,2,2,4,1,0.837598223330136
38,2,2,4,2,0.840429531446788
38,1,3,4,1,0.853207258605199
38,1,3,4,2,0.843912642298364
38,0,4,4,1,0.838274066996546
38,0,4,4,2,0.843910422058094
39,0,1,1,1,0.842122653304219
39,0,1,1,2,0.843275805196164
39,1,2,1,1,0.835667214431319
39,1,2,1,2,0.833788215725431
39,2,3,1,1,0.827006468245739
39,2,3,1,2,0.824668959813578
39,1,1,2,1,0.840007915734087
39,1,1,2,2,0.840215221522538
39,0,2,2,1,0.844952426326473
39,0,2,2,2,0.844912739413996
39,1,3,2,1,0.840796467253461
39,1,3,2,2,0.841351307947323
39,2,1,3,1,0.828085973090319
39,1,2,3,1,0.843068743679224
39,1,2,3,2,0.839518343110774
39,0,3,3,1,0.849811497499371
39,0,3,3,2,0.848858366346923
39,1,4,3,1,0.840364797266869
39,1,4,3,2,0.836677230501018
39,3,1,4,1,0.823814458128149
39,2,2,4,1,0.835039267570406
39,2,2,4,2,0.836230703335769
39,1,3,4,1,0.850190204486351
39,1,3,4,2,0.850259057928334
39,0,4,4,1,0.846097772741682
39,0,4,4,2,0.845947530061702
40,0,1,1,1,0.849845265836478
40,0,1,1,2,0.847842673795404
40,1,2,1,1,0.846612756707082
40,1,2,1,2,0.843054013182229
40,2,3,1,1,0.84167375217102
40,2,3,1,2,0.835603410079395
40,1,1,2,1,0.84758609527695
40,1,1,2,2,0.842174670169476
40,0,2,2,1,0.852068488084754
40,0,2,2,2,0.848768984425233
40,1,3,2,1,0.851778092994385
40,1,3,2,2,0.847382779109075
40,2,4,2,1,0.835375183826223
40,2,4,2,2,0.827527141833267
40,2,1,3,1,0.84136239584985
40,2,1,3,2,0.834670566486378
40,1,2,3,1,0.852635018101985
40,1,2,3,2,0.848710425642848
40,0,3,3,1,0.854445036450207
40,0,3,3,2,0.852812635504659
40,1,4,3,1,0.849235856433577
40,1,4,3,2,0.844780900611282
40,3,1,4,1,0.842022940576508
40,3,1,4,2,0.834794844973369
40,2,2,4,1,0.851792018141823
40,2,2,4,2,0.847548319249265
40,1,3,4,1,0.855375313230045
40,1,3,4,2,0.854114824964844
40,0,4,4,1,0.852135553977616
40,0,4,4,2,0.849821972645977
41,0,1,1,1,0.848431636443976
41,0,1,1,2,0.847154113288536
41,1,2,1,1,0.84374690098985
41,1,2,1,2,0.841480057239343
41,2,3,1,1,0.841722109515154
41,2,3,1,2,0.839287118150241
41,1,1,2,1,0.845775574233167
41,1,1,2,2,0.844478702928772
41,0,2,2,1,0.848689730741798
41,0,2,2,2,0.847464186876712
41,1,3,2,1,0.848864331387211
41,1,3,2,2,0.846792696346087
41,2,4,2,1,0.830940652172308
41,2,4,2,2,0.823971467515287
41,2,1,3,1,0.844236934981037
41,2,1,3,2,0.839489809906037
41,1,2,3,1,0.847504495049788
41,1,2,3,2,0.847784957623509
41,0,3,3,1,0.851889216229551
41,0,3,3,2,0.850712906353994
41,1,4,3,1,0.840654601542827
41,1,4,3,2,0.837229791086367
41,3,1,4,1,0.842304848826068
41,3,1,4,2,0.837918038790045
41,2,2,4,1,0.847896857904729
41,2,2,4,2,0.845052877654523
41,1,3,4,1,0.852619839505373
41,1,3,4,2,0.85186302323588
41,0,4,4,1,0.847169678977163
41,0,4,4,2,0.847109447450371
42,0,1,1,1,0.851462864128731
42,0,1,1,2,0.852358189058821
42,1,2,1,1,0.849076618232933
42,1,2,1,2,0.845585281828551
42,2,3,1,1,0.842815426687282
42,2,3,1,2,0.839942577908517
42,3,4,1,1,0.824585866627469
42,1,1,2,1,0.85129577487398
42,1,1,2,2,0.844323105964134
42,0,2,2,1,0.855335047111452
42,0,2,2,2,0.850739548103968
42,1,3,2,1,0.851708454235677
42,1,3,2,2,0.848103835216618
42,2,4,2,1,0.833465157190053
42,2,1,3,1,0.845466192135289
42,2,1,3,2,0.839364869456347
42,1,2,3,1,0.854249556825705
42,1,2,3,2,0.849987738190514
42,0,3,3,2,0.851619592964387
42,1,4,3,1,0.850434238646834
42,1,4,3,2,0.84102354081205
42,3,1,4,1,0.844433341135842
42,3,1,4,2,0.838626408084862
42,2,2,4,1,0.850863109082269
42,2,2,4,2,0.849469212461618
42,1,3,4,2,0.852343188984648
42,0,4,4,1,0.853346497933576
42,0,4,4,2,0.847159354205386
43,0,1,1,1,0.848081909704624
43,0,1,1,2,0.848323003502447
43,1,2,1,1,0.846638711053866
43,1,2,1,2,0.844942818502023
43,2,3,1,1,0.842530433339586
43,2,3,1,2,0.837310898367034
43,1,1,2,1,0.85019120998261
43,1,1,2,2,0.846155428075463
43,0,2,2,1,0.853827690621932
43,0,2,2,2,0.850872160715456
43,1,3,2,1,0.853273228441942
43,1,3,2,2,0.847675002719699
43,2,4,2,1,0.831357035621617
43,2,1,3,1,0.845494856547564
43,2,1,3,2,0.841810530057662
43,1,2,3,1,0.854492233181848
43,1,2,3,2,0.853578775950363
43,0,3,3,1,0.85524722073091
43,0,3,3,2,0.85321838470888
43,1,4,3,1,0.84547921852599
43,1,4,3,2,0.839299434192642
43,3,1,4,1,0.846314101031813
43,3,1,4,2,0.840113619216779
43,2,2,4,1,0.853684080047825
43,2,2,4,2,0.853925353106931
43,1,3,4,1,0.854160422749235
43,1,3,4,2,0.852896809093837
43,0,4,4,1,0.847590398079608
43,0,4,4,2,0.845051162398374
44,0,1,1,1,0.845314338831621
44,0,1,1,2,0.846134528648625
44,1,2,1,1,0.839184903194226
44,1,2,1,2,0.837132121006925
44,2,3,1,1,0.841912716333737
44,2,3,1,2,0.840436786730004
44,3,4,1,1,0.831220115363924
44,3,4,1,2,0.827351055980314
44,1,1,2,1,0.842880743790152
44,1,1,2,2,0.841171730609093
44,0,2,2,1,0.849134435757644
44,0,2,2,2,0.845760676032714
44,1,3,2,1,0.852828893998608
44,1,3,2,2,0.849951155999962
44,2,4,2,1,0.84183746377435
44,2,4,2,2,0.837389425808273
44,2,1,3,1,0.843447635530562
44,2,1,3,2,0.839393679602742
44,1,2,3,1,0.852629525570603
44,1,2,3,2,0.850117815344247
44,0,3,3,2,0.854889152112221
44,1,4,3,1,0.851550901015717
44,1,4,3,2,0.848151433531423
44,3,1,4,1,0.841725809903743
44,3,1,4,2,0.833235626858971
44,2,2,4,1,0.849222276788811
44,2,2,4,2,0.846899839991207
44,1,3,4,1,0.855820633531562
44,1,3,4,2,0.8541322868276
44,0,4,4,1,0.851867201296734
44,0,4,4,2,0.847725140884908
45,0,1,1,1,0.849224808005027
45,0,1,1,2,0.850787038472429
45,1,2,1,1,0.846532369595824
45,1,2,1,2,0.844260036220296
45,2,3,1,1,0.842400604660274
45,2,3,1,2,0.837235107071852
45,3,4,1,1,0.831963348617417
45,1,1,2,1,0.84919568777069
45,1,1,2,2,0.848469462333575
45,0,2,2,1,0.852838246140918
45,0,2,2,2,0.851636488183639
45,1,3,2,1,0.852881118611204
45,1,3,2,2,0.849205014898827
45,2,4,2,1,0.837543969818041
45,2,4,2,2,0.830149565104315
45,2,1,3,1,0.845421020190816
45,2,1,3,2,0.842547552103157
45,1,2,3,1,0.852437334245348
45,1,2,3,2,0.849490635586223
45,0,3,3,1,0.856025000325319
45,0,3,3,2,0.853401501816316
45,1,4,3,1,0.849621165476545
45,1,4,3,2,0.844442926099134
45,3,1,4,1,0.844669801631736
45,3,1,4,2,0.839412889882572
45,2,2,4,1,0.850222649897691
45,2,2,4,2,0.848369102527356
45,1,3,4,2,0.853347435305739
45,0,4,4,1,0.855019066562971
45,0,4,4,2,0.848056563165304
46,0,1,1,1,0.85197013384506
46,0,1,1,2,0.850511127543892
46,1,2,1,1,0.846110733090409
46,1,2,1,2,0.841601324785137
46,2,3,1,1,0.850382099083244
46,2,3,1,2,0.846874341754068
46,3,4,1,1,0.835773030193478
46,3,4,1,2,0.827285771414401
46,1,1,2,1,0.850792697272675
46,1,1,2,2,0.848321345599877
46,0,2,2,1,0.848114195150258
46,0,2,2,2,0.843908394330587
46,1,3,2,1,0.852381419792188
46,1,3,2,2,0.85164053488566
46,2,4,2,1,0.839356166324697
46,2,4,2,2,0.834812365856864
46,2,1,3,1,0.849685898135586
46,2,1,3,2,0.844832841744957
46,1,2,3,1,0.845250584825998
46,1,2,3,2,0.842959935132911
46,0,3,3,1,0.855769596502506
46,0,3,3,2,0.852762432543092
46,1,4,3,1,0.845731122807274
46,1,4,3,2,0.840734468301941
46,3,1,4,1,0.849112323055108
46,3,1,4,2,0.844214726092019
46,2,2,4,1,0.847740883109318
46,2,2,4,2,0.841802668286843
46,1,3,4,1,0.854486675390138
46,1,3,4,2,0.853387475071761
46,0,4,4,1,0.84818038271656
46,0,4,4,2,0.843726025247565
47,0,1,1,1,0.847155480937882
47,0,1,1,2,0.847918764136295
47,1,2,1,1,0.83827153477125
47,1,2,1,2,0.835552373616879
47,2,3,1,1,0.84539660458791
47,2,3,1,2,0.838795209362303
47,3,4,1,1,0.830782820721406
47,1,1,2,1,0.848630759203958
47,1,1,2,2,0.843817622409672
47,0,2,2,1,0.843443513378522
47,0,2,2,2,0.840488092842275
47,1,3,2,1,0.849972290304238
47,1,3,2,2,0.845816215202116
47,2,4,2,1,0.837928588141427
47,2,4,2,2,0.830835271954009
47,2,1,3,1,0.848042175895164
47,2,1,3,2,0.84457396246145
47,1,2,3,1,0.846014421030172
47,1,2,3,2,0.841465303870642
47,0,3,3,1,0.854823506625536
47,0,3,3,2,0.851704397388493
47,1,4,3,1,0.850845204725751
47,1,4,3,2,0.845448469705735
47,3,1,4,1,0.847224856864723
47,3,1,4,2,0.844502279611538
47,2,2,4,1,0.845899102533215
47,2,2,4,2,0.840466753850755
47,1,3,4,1,0.856038853065482
47,1,3,4,2,0.852087909624312
47,0,4,4,1,0.853304494327862
47,0,4,4,2,0.847455402849695
48,0,1,1,1,0.839775862127703
48,0,1,1,2,0.831172508501973
48,1,2,1,1,0.836288622670007
48,1,2,1,2,0.830860725880011
48,2,3,1,1,0.841129518769965
48,2,3,1,2,0.840022380665556
48,3,4,1,1,0.839219693906333
48,1,1,2,1,0.836043966552582
48,1,1,2,2,0.843986018538822
48,0,2,2,1,0.850337000683037
48,0,2,2,2,0.849892800256665
48,1,3,2,1,0.852920167399956
48,1,3,2,2,0.845497750927442
48,2,4,2,1,0.840180188449616
48,2,4,2,2,0.836678539232242
48,2,1,3,1,0.833586742264241
48,2,1,3,2,0.841189375571153
48,1,2,3,1,0.848714486747926
48,1,2,3,2,0.844892653387282
48,0,3,3,1,0.849415365727672
48,0,3,3,2,0.850697315763655
48,1,4,3,1,0.839462068002301
48,1,4,3,2,0.843218208805417
48,3,1,4,2,0.827627846182854
48,2,2,4,1,0.839692031045476
48,1,3,4,1,0.84861136284834
48,1,3,4,2,0.838979685752416
48,0,4,4,1,0.85098999219461
48,0,4,4,2,0.83564386755857
49,0,1,1,1,0.853041845162125
49,0,1,1,2,0.853016861505894
49,1,2,1,1,0.846320008093021
49,1,2,1,2,0.841312119653591
49,2,3,1,1,0.83796086339511
49,2,3,1,2,0.828302355906755
49,1,1,2,1,0.849881863022155
49,1,1,2,2,0.845631094219388
49,0,2,2,1,0.854726864491502
49,0,2,2,2,0.849652233671965
49,1,3,2,1,0.852627283285304
49,1,3,2,2,0.846557790581945
49,2,4,2,1,0.844513093479846
49,2,4,2,2,0.830150586025919
49,2,1,3,1,0.845868585560951
49,2,1,3,2,0.845182762295627
49,1,2,3,2,0.852081424408351
49,0,3,3,2,0.854026835196796
49,1,4,3,2,0.850123123230836
49,3,1,4,1,0.851384118704659
49,3,1,4,2,0.840494433997381
49,2,2,4,2,0.850319126463966
49,0,4,4,2,0.854856301063591
50,0,1,1,1,0.854111896121509
50,0,1,1,2,0.852654183742317
50,1,2,1,1,0.853534700798367
50,1,2,1,2,0.849827839434261
50,2,3,1,1,0.850109486889069
50,2,3,1,2,0.842534059702481
50,3,4,1,1,0.828724340623773
50,1,1,2,1,0.856183608223487
50,1,1,2,2,0.851120775302425
50,0,2,2,2,0.855715226797299
50,1,3,2,2,0.854183273936011
50,2,4,2,1,0.842957786370005
50,2,4,2,2,0.829879922525185
50,2,1,3,1,0.850471369742513
50,2,1,3,2,0.844052198615738
50,1,2,3,2,0.854855272432311
50,1,4,3,1,0.854536198558446
50,1,4,3,2,0.853055723521138
50,3,1,4,1,0.845611768224461
50,3,1,4,2,0.839526261687679
50,2,2,4,1,0.852166961764168
50,2,2,4,2,0.848056930569666
50,0,4,4,1,0.855167215242897
50,0,4,4,2,0.854629608950787
51,0,1,1,1,0.849921279488946
51,0,1,1,2,0.850262357764821
51,1,2,1,1,0.845510138680192
51,1,2,1,2,0.842622645892165
51,2,3,1,1,0.844261604515499
51,2,3,1,2,0.83905035430954
51,1,1,2,1,0.851579350469766
51,1,1,2,2,0.848049547348065
51,0,2,2,1,0.853394385650103
51,0,2,2,2,0.850341158062755
51,1,3,2,1,0.853572287305352
51,1,3,2,2,0.849587186367791
51,2,4,2,1,0.833260349818361
51,2,1,3,1,0.853302209968971
51,2,1,3,2,0.844469143777497
51,1,2,3,1,0.853743777744391
51,1,2,3,2,0.849808182064299
51,0,3,3,1,0.855711904555444
51,0,3,3,2,0.853211151662892
51,1,4,3,1,0.843974689995575
51,1,4,3,2,0.837720084066631
51,3,1,4,1,0.848030705224429
51,3,1,4,2,0.840051473263696
51,2,2,4,1,0.851876974677153
51,2,2,4,2,0.847209189931515
51,1,3,4,1,0.855686945230313
51,1,3,4,2,0.854379808747574
51,0,4,4,1,0.851538372868108
51,0,4,4,2,0.849383825001497
52,0,1,1,1,0.852737371399043
52,0,1,1,2,0.849662686152464
52,1,2,1,1,0.849733335604392
52,1,2,1,2,0.844508468114843
52,2,3,1,1,0.841706470639908
52,2,3,1,2,0.83264580464613
52,3,4,1,1,0.825665630028138
52,1,1,2,1,0.850281826754952
52,1,1,2,2,0.84687914074586
52,0,2,2,1,0.852227189058534
52,0,2,2,2,0.848471698777851
52,1,3,2,1,0.846917360147637
52,1,3,2,2,0.843025015804841
52,2,4,2,1,0.836955176302164
52,2,1,3,1,0.845795056203254
52,2,1,3,2,0.846748859326795
52,1,2,3,1,0.850642464090325
52,1,2,3,2,0.848943881555131
52,0,3,3,1,0.851256479240593
52,0,3,3,2,0.849213103934394
52,1,4,3,1,0.843779325572188
52,1,4,3,2,0.84022122755964
52,3,1,4,1,0.846389241835091
52,3,1,4,2,0.841926158305202
52,2,2,4,1,0.848497860230062
52,2,2,4,2,0.846840405347327
52,1,3,4,1,0.850152105190063
52,1,3,4,2,0.850473862437125
52,0,4,4,1,0.843590695982165
52,0,4,4,2,0.838091791572408
53,0,1,1,1,0.849507976598127
53,0,1,1,2,0.847633197900921
53,1,2,1,1,0.845816254146873
53,1,2,1,2,0.842462332272506
53,2,3,1,1,0.844048615664325
53,2,3,1,2,0.830123582843436
53,3,4,1,1,0.84098368956469
53,3,4,1,2,0.829002463937986
53,1,1,2,1,0.848018948944773
53,1,1,2,2,0.844230007959704
53,0,2,2,1,0.845316834656995
53,0,2,2,2,0.84530621578963
53,1,3,2,1,0.851033749134398
53,1,3,2,2,0.838877032717573
53,2,4,2,1,0.841234057397335
53,2,4,2,2,0.825495647599424
53,2,1,3,1,0.849701828526927
53,2,1,3,2,0.844464986798009
53,1,2,3,1,0.849001407251085
53,1,2,3,2,0.841875530100529
53,0,3,3,1,0.855027249172472
53,0,3,3,2,0.851838647660482
53,1,4,3,1,0.853127127683301
53,1,4,3,2,0.851393073158824
53,3,1,4,1,0.823410636113861
53,3,1,4,2,0.828930773003225
53,2,2,4,1,0.835376148933286
53,1,3,4,1,0.843979194973718
53,1,3,4,2,0.835926337399619
53,0,4,4,1,0.848762085753911
53,0,4,4,2,0.840783741174835
54,0,1,1,1,0.850268874155926
54,0,1,1,2,0.849409841487258
54,1,2,1,1,0.844222944976247
54,1,2,1,2,0.841267622037073
54,2,3,1,1,0.838453857717209
54,2,3,1,2,0.834434355919292
54,1,1,2,1,0.850589081415646
54,1,1,2,2,0.847445888164353
54,0,2,2,1,0.851395300549265
54,0,2,2,2,0.847748660471483
54,1,3,2,1,0.850891129738502
54,1,3,2,2,0.84710776651041
54,2,4,2,1,0.833103198096769
54,2,1,3,1,0.85126943753769
54,2,1,3,2,0.846126985681616
54,1,2,3,1,0.85043709892372
54,1,2,3,2,0.846846346935235
54,0,3,3,1,0.853551128488852
54,0,3,3,2,0.852997400648048
54,1,4,3,1,0.844015618875667
54,1,4,3,2,0.839650283104328
54,3,1,4,1,0.847357326148066
54,3,1,4,2,0.842413249784647
54,2,2,4,1,0.844633654586171
54,2,2,4,2,0.844166423542558
54,1,3,4,1,0.853136142555326
54,1,3,4,2,0.851690397646584
54,0,4,4,1,0.851720802639946
54,0,4,4,2,0.847185795101275
55,0,1,1,1,0.824314868922542
55,1,2,1,1,0.837876217192253
55,1,2,1,2,0.837074032714033
55,2,3,1,1,0.842241882308443
55,2,3,1,2,0.840043193870486
55,3,4,1,1,0.828622251640249
55,1,1,2,1,0.828609524569232
55,0,2,2,1,0.841542606576027
55,0,2,2,2,0.839251661713251
55,1,3,2,1,0.841493100839478
55,1,3,2,2,0.839047267449003
55,2,4,2,1,0.829543004316301
55,1,2,3,1,0.840805796374867
55,1,2,3,2,0.833748844436091
55,0,3,3,1,0.853773247647715
55,0,3,3,2,0.853639543598195
55,1,4,3,1,0.849764531639104
55,1,4,3,2,0.846356251715632
55,2,2,4,1,0.840223494097609
55,2,2,4,2,0.832826215780405
55,1,3,4,1,0.853285151298309
55,1,3,4,2,0.853497811530199
55,0,4,4,1,0.849354191920736
55,0,4,4,2,0.847027895023723
56,0,1,1,1,0.85020232978683
56,0,1,1,2,0.84694552529993
56,1,2,1,1,0.8458774810077
56,1,2,1,2,0.839707233670525
56,2,3,1,1,0.842960600841356
56,2,3,1,2,0.83725428808306
56,3,4,1,1,0.831769501816468
56,1,1,2,1,0.852508566183445
56,1,1,2,2,0.849400800913565
56,0,2,2,1,0.852810557060499
56,0,2,2,2,0.84861003704344
56,1,3,2,1,0.851592244249383
56,1,3,2,2,0.847920982017281
56,2,4,2,1,0.838781595116389
56,2,4,2,2,0.82345874339456
56,2,1,3,1,0.851624005310227
56,2,1,3,2,0.849279640270415
56,1,2,3,1,0.853245385755328
56,1,2,3,2,0.851823479172284
56,0,3,3,1,0.855832113066156
56,0,3,3,2,0.853630616972232
56,1,4,3,1,0.848650663918991
56,1,4,3,2,0.840667881697326
56,3,1,4,1,0.848972632835295
56,3,1,4,2,0.846663432191066
56,2,2,4,1,0.850749989923641
56,2,2,4,2,0.847939469002903
56,1,3,4,1,0.85493444013026
56,1,3,4,2,0.853642544602209
56,0,4,4,1,0.8512263476246
56,0,4,4,2,0.848579794193651
57,0,1,1,1,0.853433052238795
57,0,1,1,2,0.85411756785093
57,1,2,1,1,0.851662894894529
57,1,2,1,2,0.850592732094972
57,2,3,1,1,0.852431871905905
57,2,3,1,2,0.849610201700972
57,3,4,1,1,0.841939582871869
57,3,4,1,2,0.838122157700364
57,1,1,2,1,0.854854147242754
57,1,1,2,2,0.853232212262755
57,0,2,2,1,0.855427809103422
57,0,2,2,2,0.853930625227545
57,1,3,2,2,0.853614887158545
57,2,4,2,1,0.848205667691838
57,2,4,2,2,0.844322043428474
57,2,1,3,1,0.85273364522354
57,2,1,3,2,0.850651264523725
57,1,2,3,1,0.853783112541876
57,1,2,3,2,0.853267803080522
57,0,3,3,2,0.856111234851233
57,1,4,3,1,0.852309107936989
57,1,4,3,2,0.849979151692254
57,3,1,4,1,0.852064117270446
57,3,1,4,2,0.85080817068965
57,2,2,4,1,0.855101533144765
57,2,2,4,2,0.853527799107409
57,0,4,4,1,0.855005522040816
57,0,4,4,2,0.853762746767093
58,0,1,1,1,0.849179859021827
58,0,1,1,2,0.847410879626793
58,1,2,1,1,0.846715613402542
58,1,2,1,2,0.843110165184075
58,2,3,1,1,0.845075983624696
58,2,3,1,2,0.838087610325069
58,3,4,1,1,0.83439067170339
58,3,4,1,2,0.823009088728402
58,1,1,2,1,0.851391406249692
58,1,1,2,2,0.847028981427514
58,0,2,2,1,0.852788684441097
58,0,2,2,2,0.848632595256803
58,1,3,2,1,0.852792507507832
58,1,3,2,2,0.84616218630603
58,2,4,2,1,0.843556348112842
58,2,4,2,2,0.831646222619974
58,2,1,3,1,0.849683456720748
58,2,1,3,2,0.841222116139471
58,1,2,3,1,0.853782907627311
58,1,2,3,2,0.847467372004087
58,0,3,3,1,0.855564494612372
58,0,3,3,2,0.852766944210989
58,1,4,3,1,0.851732029231255
58,1,4,3,2,0.842420716993749
58,3,1,4,1,0.849139435918374
58,3,1,4,2,0.843413490199886
58,2,2,4,1,0.852780382733926
58,2,2,4,2,0.84695505904559
58,1,3,4,1,0.85620013339623
58,1,3,4,2,0.85230613424639
58,0,4,4,1,0.853096560404643
58,0,4,4,2,0.845094841112989
59,0,1,1,1,0.856233409215338
59,1,2,1,1,0.855876935813586
59,1,2,1,2,0.851737303944253
59,2,3,1,1,0.853142645939969
59,2,3,1,2,0.849555375431512
59,3,4,1,1,0.840636518907796
59,3,4,1,2,0.836084122175728
59,1,1,2,2,0.854799274920843
59,0,2,2,2,0.856243173845627
59,1,3,2,2,0.854733894037782
59,2,4,2,1,0.848315458355024
59,2,4,2,2,0.845212252803416
59,2,1,3,1,0.855080167804396
59,2,1,3,2,0.850920162091936
59,1,4,3,1,0.855072088343083
59,1,4,3,2,0.853214478763225
59,3,1,4,1,0.854945628552666
59,3,1,4,2,0.851834385651978
59,0,4,4,1,0.856015265172909
59,0,4,4,2,0.853607341905168
